<?xml version="1.0" encoding="utf-8"?>
<odoo>
    <data>
        <record id="ir_crm_lead_status" model="ir.cron">
            <field name="name">CRM Mail Check</field>
            <field name="model_id" ref="model_crm_lead"/>
            <field name="state">code</field>
            <field name="code">model.check_expiration()</field>
            <field name="interval_number">1</field>
            <field name="interval_type">days</field>
            <field name="numbercall">-1</field>
        </record>
    </data>
</odoo>